,age,study_hours,attendance_pct,sleep_hours,math_score,reading_score,writing_score,average_score
age,1.0,0.02962452637281206,0.009104291902061504,0.03568976933399632,0.05321654981565375,0.044891380712021534,0.0725717102846901,0.06057995206395145
study_hours,0.02962452637281206,1.0,0.048903510503089186,0.06086639262911726,0.4463350490091165,0.3755444183579433,0.3757533456059684,0.421893460657023
attendance_pct,0.009104291902061504,0.048903510503089186,1.0,-0.04263357108458997,0.23308578963880852,0.21276585272660264,0.19159553134289287,0.22461540522822987
sleep_hours,0.03568976933399632,0.06086639262911726,-0.04263357108458997,1.0,0.05026895990035603,0.02921141483799477,0.05037120704857029,0.04591410821057791
math_score,0.05321654981565375,0.4463350490091165,0.23308578963880852,0.05026895990035603,1.0,0.8715286188461666,0.8761293064944424,0.9688051859869086
reading_score,0.044891380712021534,0.3755444183579433,0.21276585272660264,0.02921141483799477,0.8715286188461666,1.0,0.7578606193189176,0.9287759116778891
writing_score,0.0725717102846901,0.3757533456059684,0.19159553134289287,0.05037120704857029,0.8761293064944424,0.7578606193189176,1.0,0.9326830143868636
average_score,0.06057995206395145,0.421893460657023,0.22461540522822987,0.04591410821057791,0.9688051859869086,0.9287759116778891,0.9326830143868636,1.0
